tipo,freqmic,freqcap,valamp
lllll,"[468.34716796875, 462.9638671875, 506.0302734375, 656.7626953125, 549.0966796875, 414.51416015625, 549.0966796875]",88888,5555
