tipo,freqmic,freqcap,valamp
metal,"[339.14794921875, 322.998046875, 247.6318359375, 188.41552734375, 263.78173828125, 209.94873046875]",88888,5555
