tipo,freqmic,freqcap,valamp
lllll,"[468.34716796875, 462.9638671875, 506.0302734375, 656.7626953125, 549.0966796875, 414.51416015625, 549.0966796875]",88888,5555
tipo,freqmic,freqcap,valamp
papel,"[199.18212890625, 893.6279296875, 220.71533203125, 290.6982421875, 387.59765625, 689.0625, 554.47998046875, 559.86328125]",88888,5555
